<?xml version="1.0" encoding="UTF-8"?>
<project name="Setup WindowTester Pro UI tests" default="setup" basedir=".">
  
  <property name="setup.eclipse.home" value="${basedir}/setupEclipse"/>
  <property name="eclipseSDKwin32" value="eclipse-rcp-indigo-SR2-win32.zip"/>
  <property name="eclipseSDKwin64" value="eclipse-rcp-indigo-SR2-win32-x86_64.zip"/>
  <property name="eclipseSDKlinux32" value="eclipse-rcp-indigo-SR2-linux-gtk.tar.gz"/>
  
  <property name="wtpZip" value="WindowTesterRepo-6.1.0.201308212221-CommunityFixes.zip"/>
  <property name="wtpRepoRunDir" value="${basedir}/WindowTesterRepoRunnable"/>
  
  <property name="etfZip" value="eclipse-test-framework-3.7.2.zip"/>
  <property name="etfRunDir" value="${basedir}/etfRunnable"/>
  
  <property name="sdkExamplesZip" value="org.eclipse.sdk.examples-3.7.2.zip"/>
  <property name="sdkExamplesRunDir" value="${basedir}/sdkExamplesRunnable"/>
  
  <target name="setup">
    <condition property="opsys" value="win32">
      <not>
        <isset property="opsys"/>
      </not>
    </condition>

    <!-- Extract Eclipse RCP, it's required to run the AntRunner application -->
    <antcall target="unzipEclipse_${opsys}">
      <param name="targetDir" value="${setup.eclipse.home}"/>
    </antcall>
    
    <antcall target="runAntRunner">
      <param name="buildFile" value="${basedir}/setup.xml"/>
      <param name="p2TaskTarget" value="convert"/>
    </antcall>
    <!-- delete setup eclipse to save disc space -->
    <delete dir="${setup.eclipse.home}"/>
 </target>

 <target name="unzipEclipse_win32">
    <unzip dest="${targetDir}">
      <fileset dir="${basedir}">
        <include name="${eclipseSDKwin32}"/>
      </fileset>
      <!-- get rid of "eclipse/" subdir -->
      <globmapper from="eclipse/*" to="*"/>
    </unzip>
  </target>

 <target name="unzipEclipse_win64">
    <unzip dest="${targetDir}">
      <fileset dir="${basedir}">
      	<include name="${eclipseSDKwin64}"/>
      </fileset>
      <!-- get rid of "eclipse/" subdir -->
      <globmapper from="eclipse/*" to="*"/>
    </unzip>
  </target>

 <target name="unzipEclipse_linux32">
    <untar dest="${targetDir}" compression="gzip">
      <fileset dir="${basedir}">
        <include name="${eclipseSDKlinux32}"/>
      </fileset>
      <!-- get rid of "eclipse/" subdir -->
      <globmapper from="eclipse/*" to="*"/>
    </untar>
 </target>

 <target name="runAntRunner">
    <java jar="${setup.eclipse.home}/plugins/org.eclipse.equinox.launcher_1.2.0.v20110502.jar" fork="true" failonerror="true">
      <arg line="-data ${setup.eclipse.home}/ws -application org.eclipse.ant.core.antRunner -buildfile ${buildFile} ${p2TaskTarget}"/>
      <jvmarg value="-Xmx512M"/>
    </java>
 </target>

  <target name="convert">
   <antcall target="convertToRunnable">
      <param name="runnableDir" value="${wtpRepoRunDir}"/>
      <param name="pathToRepoZip" value="${wtpZip}"/>
    </antcall>
    <antcall target="convertToRunnable">
      <param name="runnableDir" value="${etfRunDir}"/>
      <param name="pathToRepoZip" value="${etfZip}"/>
    </antcall>
    <antcall target="convertToRunnable">
      <param name="runnableDir" value="${sdkExamplesRunDir}"/>
      <param name="pathToRepoZip" value="${sdkExamplesZip}"/>
    </antcall>
  </target>

  <target name="convertToRunnable">
    <!--TODO: make sure that SDK Examples zip exists -->
    <delete dir="${runnableDir}"/>
    <!-- Convert P2 update site zip into "runnable" form -->
    <p2.repo2runnable>
      <repository location="${runnableDir}" />
      <source>
	<repository location="${basedir}/${pathToRepoZip}" />
      </source>
    </p2.repo2runnable>
  </target>

</project>